StockCode,customer_type,Description,Category,elasticity_coefficient,r_squared,p_value,observation_count,mean_price,mean_weekly_quantity,total_revenue,is_significant,elasticity_type,commercial_priority,estimated_annual_opportunity
21034,RETAIL,REX CASH+CARRY JUMBO SHOPPER,Home & Giftware,-0.14876913627719027,0.0,8.596161132014983e-63,103,0.9500000000000001,23.718446601941746,2320.8500000000004,True,INELASTIC,HIGH,97.99486153792812
22593,RETAIL,CHRISTMAS GINGHAM STAR,Christmas,-0.5354654383061206,0.0,8.871262959295103e-19,36,0.8500000000000001,47.5,1453.5000000000002,True,INELASTIC,HIGH,86.286934350393
22595,RETAIL,CHRISTMAS GINGHAM HEART,Christmas,-0.5289501559900078,-2.220446049250313e-16,1.480703414443324e-31,61,0.85,46.47540983606557,2409.7499999999995,True,INELASTIC,HIGH,85.89791325196083
22574,RETAIL,HEART WOODEN CHRISTMAS DECORATION,Christmas,-0.5103386472397072,2.220446049250313e-16,8.650173558655869e-16,31,0.8500000000000003,43.354838709677416,1142.4,True,INELASTIC,HIGH,84.05347806871005
22418,RETAIL,10 COLOUR SPACEBOY PEN,Home & Giftware,-0.5098851361748419,-2.220446049250313e-16,1.1895164080735574e-32,61,0.85,35.721311475409834,1852.15,True,INELASTIC,HIGH,69.33286756710075
22600,RETAIL,CHRISTMAS RETROSPOT STAR WOOD,Christmas,-0.47567721632307464,1.1102230246251565e-16,2.7231937378360564e-17,38,0.8500000000000001,32.473684210526315,1048.8999999999999,True,INELASTIC,HIGH,68.43041052128207
22602,RETAIL,CHRISTMAS RETROSPOT HEART WOOD,Christmas,-0.4852870396206858,3.3306690738754696e-16,7.312808632608418e-23,44,0.8500000000000001,33.04545454545455,1235.8999999999999,True,INELASTIC,HIGH,68.09129629617239
35961,WHOLESALE,FOLKART ZINC HEART CHRISTMAS DEC,Christmas,-0.46696718383542596,-2.220446049250313e-16,3.339713161593255e-36,76,0.85,30.723684210526315,1984.7499999999998,True,INELASTIC,HIGH,66.04380216274595
51014A,RETAIL,"FEATHER PEN,HOT PINK",Home & Giftware,-0.49084082938235524,-2.220446049250313e-16,1.6666097022054593e-22,33,0.85,32.42424242424242,909.4999999999999,True,INELASTIC,HIGH,65.93573089912115
22577,RETAIL,WOODEN HEART CHRISTMAS SCANDINAVIAN,Christmas,-0.4229300142421373,-4.440892098500626e-16,1.005126955138747e-16,41,0.8500000000000001,27.73170731707317,966.4499999999999,True,INELASTIC,HIGH,65.54983233775918
22573,RETAIL,STAR WOODEN CHRISTMAS DECORATION,Christmas,-0.48020916239159156,0.0,3.76175496356485e-18,33,0.8499999999999999,31.060606060606062,871.2499999999999,True,INELASTIC,HIGH,64.7682917807086
21818,RETAIL,GLITTER CHRISTMAS HEART,Christmas,-0.3878271284602146,0.0,3.0608709234529737e-13,36,0.8500000000000001,23.97222222222222,733.5500000000001,True,INELASTIC,HIGH,60.75482846475042
84006,WHOLESALE,MAGIC TREE -PAPER FLOWERS,Home & Giftware,-0.43536716653294677,1.1102230246251565e-16,5.89812787514102e-17,39,0.8500000000000003,26.28205128205128,871.2500000000001,True,INELASTIC,HIGH,60.53399890319832
22228,WHOLESALE,BUNNY WOODEN PAINTED WITH BIRD,Nature & Animals,-0.4292215097460477,1.1102230246251565e-16,3.162326018523826e-13,32,0.8499999999999999,25.84375,702.95,True,INELASTIC,HIGH,60.296699725667814
21385,RETAIL,IVORY HANGING DECORATION  HEART,Home & Giftware,-0.4601547393468603,3.3306690738754696e-16,5.103046400436139e-43,87,0.8499999999999994,27.517241379310345,2034.8999999999994,True,INELASTIC,HIGH,60.062643811098624
22576,RETAIL,SWALLOW WOODEN CHRISTMAS DECORATION,Christmas,-0.4588726711132687,0.0,3.1656667696641403e-16,30,0.8500000000000002,26.8,683.3999999999999,True,INELASTIC,HIGH,58.66415675766732
21034,WHOLESALE,REX CASH+CARRY JUMBO SHOPPER,Home & Giftware,-0.11829919865669344,2.220446049250313e-16,4.3231971304469714e-48,100,0.95,13.55,1287.25,True,INELASTIC,HIGH,58.226547193468605
22219,RETAIL,LOVEBIRD HANGING DECORATION WHITE,Nature & Animals,-0.4615908370662376,-4.440892098500626e-16,2.7244279460905822e-48,93,0.8499999999999995,26.043010752688172,2058.7,True,INELASTIC,HIGH,56.66295954995196
21787,RETAIL,RAIN PONCHO RETROSPOT,Home & Giftware,-0.389213106399082,1.1102230246251565e-16,1.7077743964792402e-22,62,0.8500000000000001,22.35483870967742,1178.1000000000001,True,INELASTIC,HIGH,56.5051158885339
21642,RETAIL,ASSORTED TUTTI FRUTTI PEN,Home & Giftware,-0.39776581692933494,0.0,3.347105906556363e-13,34,0.85,22.529411764705884,651.1,True,INELASTIC,HIGH,56.00952794519451
84971S,RETAIL,SMALL HEART FLOWERS HOOK,Home & Giftware,-0.3977511521334493,-2.220446049250313e-16,1.6288607837961925e-23,64,0.8499999999999999,22.203125,1207.85,True,INELASTIC,HIGH,55.19994171129544
23204,RETAIL,CHARLOTTE BAG APPLES DESIGN,Bags,-0.4537560438209893,0.0,1.7438406152724624e-16,31,0.8500000000000003,24.451612903225808,644.3,True,INELASTIC,HIGH,54.13191261697749
21640,RETAIL,ASSORTED TUTTI FRUTTI  FOB NOTEBOOK,Home & Giftware,-0.3646415422696212,3.3306690738754696e-16,6.461954991892903e-15,45,0.8500000000000002,20.244444444444444,774.3499999999998,True,INELASTIC,HIGH,53.58932845273175
21640,WHOLESALE,ASSORTED TUTTI FRUTTI  FOB NOTEBOOK,Home & Giftware,-0.4009705766539531,-2.220446049250313e-16,2.9065785052808407e-16,40,0.85,21.125,718.25,True,INELASTIC,HIGH,52.18891231451665
20982,RETAIL,12 PENCILS TALL TUBE SKULLS,Home & Giftware,-0.36663365275308896,-2.220446049250313e-16,1.8188111825516783e-29,85,0.8499999999999995,19.24705882352941,1390.6,True,INELASTIC,HIGH,50.762716082288115
20983,RETAIL,12 PENCILS TALL TUBE RED RETROSPOT,Home & Giftware,-0.38234718417365876,0.0,6.704701778873124e-32,81,0.8499999999999998,19.469135802469136,1340.45,True,INELASTIC,HIGH,49.86100174189725
10125,WHOLESALE,MINI FUNKY DESIGN TAPES,Home & Giftware,-0.4199297781902068,5.551115123125783e-16,1.1379822541034738e-18,43,0.8500000000000001,20.790697674418606,759.9,True,INELASTIC,HIGH,49.44654576941065
84832,RETAIL,ZINC WILLIE WINKIE  CANDLE STICK,Candles & Lighting,-0.42007926077169555,0.0,1.1944042283775636e-31,64,0.8499999999999999,20.53125,1116.8999999999999,True,INELASTIC,HIGH,48.814579206940834
23205,RETAIL,CHARLOTTE BAG ALPHABET  DESIGN,Bags,-0.43880802819577386,1.1102230246251565e-16,1.858750233668679e-21,36,0.8500000000000002,20.583333333333332,629.85,True,INELASTIC,HIGH,47.06410796894172
20719,RETAIL,WOODLAND CHARLOTTE BAG,Bags,-0.40812167384675685,-2.220446049250313e-16,1.4581173416911008e-40,89,0.8499999999999998,18.95505617977528,1433.95,True,INELASTIC,HIGH,46.16906579218171
21679,RETAIL,SKULLS  STICKERS,Home & Giftware,-0.3894522022231261,1.1102230246251565e-16,1.305151166704287e-24,57,0.85,18.087719298245613,876.35,True,INELASTIC,HIGH,45.69832242048574
22907,RETAIL,PACK OF 20 NAPKINS PANTRY DESIGN,Home & Giftware,-0.4054647733337492,-2.220446049250313e-16,1.1648143136592157e-29,61,0.85,18.459016393442624,957.0999999999998,True,INELASTIC,HIGH,45.19930633327504
35961,RETAIL,FOLKART ZINC HEART CHRISTMAS DEC,Christmas,-0.37586549453816476,1.1102230246251565e-16,8.023561721156481e-32,78,0.8499999999999998,17.243589743589745,1143.25,True,INELASTIC,HIGH,44.704730047077824
21878,RETAIL,PACK OF 6 SANDCASTLE FLAGS ASSORTED,Home & Giftware,-0.34291365429362913,5.551115123125783e-16,1.3578935486282913e-20,58,0.85,16.017241379310345,789.65,True,INELASTIC,HIGH,44.09152227782491
21544,RETAIL,SKULLS  WATER TRANSFER TATTOOS,Home & Giftware,-0.34669964594995634,0.0,2.2471050027070105e-24,69,0.85,15.81159420289855,927.35,True,INELASTIC,HIGH,43.23437444402786
21684,RETAIL,SMALL MEDINA STAMPED METAL BOWL,Home & Giftware,-0.3319556281109861,0.0,2.22203270245127e-12,36,0.8500000000000001,15.083333333333334,461.5499999999999,True,INELASTIC,HIGH,42.32431201987615
21700,RETAIL,BIG DOUGHNUT FRIDGE MAGNETS,Home & Giftware,-0.3862910314443603,-2.220446049250313e-16,4.670948402596786e-19,41,0.8500000000000001,16.634146341463413,579.6999999999999,True,INELASTIC,HIGH,42.281554865613394
22521,RETAIL,CHILDS GARDEN TROWEL PINK,Home & Giftware,-0.3443123835444471,0.0,2.390303284187087e-15,45,0.8500000000000002,15.022222222222222,574.6,True,INELASTIC,HIGH,41.25031905013031
20981,RETAIL,12 PENCILS TALL TUBE WOODLAND,Home & Giftware,-0.35560094095045214,0.0,4.2210203349781074e-27,72,0.8499999999999999,15.305555555555555,936.7,True,INELASTIC,HIGH,41.18829422304152
22348,RETAIL,TEA BAG PLATE RED RETROSPOT,Bags,-0.3506204807940852,2.220446049250313e-16,1.1241189785932218e-28,80,0.8499999999999999,15.15,1030.2,True,INELASTIC,HIGH,41.136540819044235
23182,RETAIL,TOILET SIGN OCCUPIED OR VACANT,Mugs & Drinkware,-0.45328704158034827,-4.440892098500626e-16,1.5647180991338132e-15,34,0.83,18.91176470588235,533.6899999999999,True,INELASTIC,HIGH,40.924575465170236
84559B,WHOLESALE,3D SHEET OF CAT STICKERS,Home & Giftware,-0.34126541083558515,-4.440892098500626e-16,1.632026358985646e-18,53,0.8500000000000001,14.679245283018869,661.3,True,INELASTIC,HIGH,40.52598436638729
22520,RETAIL,CHILDS GARDEN TROWEL BLUE,Home & Giftware,-0.33621268838941865,0.0,3.851717993290688e-16,49,0.85,14.46938775510204,602.65,True,INELASTIC,HIGH,40.302076357487934
21726,WHOLESALE,MULTI HEARTS  STICKERS,Home & Giftware,-0.36187148025449495,0.0,1.7882616673958463e-17,42,0.8500000000000001,14.928571428571429,532.95,True,INELASTIC,HIGH,39.71867145482521
20992,WHOLESALE,JAZZ HEARTS PURSE NOTEBOOK,Home & Giftware,-0.3801917981172696,2.220446049250313e-16,1.3395656871035352e-23,46,0.8500000000000002,15.108695652173912,590.7499999999999,True,INELASTIC,HIGH,38.85212384565034
22132,RETAIL,RED LOVE HEART SHAPE CUP,Mugs & Drinkware,-0.30353252168241984,-2.220446049250313e-16,6.533423326801487e-12,41,0.8500000000000001,13.170731707317072,459.0,True,INELASTIC,HIGH,38.77759597495709
22437,RETAIL,SET OF 9 BLACK SKULL BALLOONS,Sets & Kits,-0.35873408083280733,-2.220446049250313e-16,2.29605017025198e-22,56,0.8499999999999999,14.482142857142858,689.35,True,INELASTIC,HIGH,38.75182326931451
10133,RETAIL,COLOURING PENCILS BROWN TUBE,Home & Giftware,-0.38422713894215177,0.0,1.66937653245118e-14,30,0.8500000000000002,15.166666666666666,386.75000000000006,True,INELASTIC,HIGH,38.703629365359426
20992,RETAIL,JAZZ HEARTS PURSE NOTEBOOK,Home & Giftware,-0.32871147262046513,-2.220446049250313e-16,3.002367647996684e-18,48,0.85,13.666666666666666,557.5999999999999,True,INELASTIC,HIGH,38.564665874963744
21094,RETAIL,SET/6 RED SPOTTY PAPER PLATES,Sets & Kits,-0.3673179120621077,-2.220446049250313e-16,1.3999985612193274e-37,85,0.8499999999999995,14.623529411764705,1056.55,True,INELASTIC,HIGH,38.51984337954895
21724,WHOLESALE,PANDA AND BUNNIES STICKER SHEET,Home & Giftware,-0.35523739226881723,3.3306690738754696e-16,1.8575461253587726e-18,43,0.8500000000000001,14.069767441860465,514.25,True,INELASTIC,HIGH,37.88757344807795
22196,RETAIL,SMALL HEART MEASURING SPOONS,Home & Giftware,-0.3298536219382358,1.1102230246251565e-16,6.613060209783566e-27,78,0.8499999999999998,13.384615384615385,887.4,True,INELASTIC,HIGH,37.69444569874736
21725,WHOLESALE,SWEETIES  STICKERS,Home & Giftware,-0.3705937481554181,2.220446049250313e-16,8.493204187921302e-18,38,0.8500000000000003,14.026315789473685,453.04999999999995,True,INELASTIC,HIGH,36.723324045200926
21677,RETAIL,HEARTS  STICKERS,Home & Giftware,-0.3792325198779629,0.0,5.305552231457794e-26,47,0.8500000000000002,14.212765957446809,567.8000000000001,True,INELASTIC,HIGH,36.614522430213505
22133,RETAIL,PINK LOVE HEART SHAPE CUP,Mugs & Drinkware,-0.26976841229112763,2.220446049250313e-16,7.800902238972055e-10,39,0.8500000000000002,11.692307692307692,387.6,True,INELASTIC,HIGH,36.34420529807398
22565,RETAIL,FELTCRAFT HAIRBANDS PINK + WHITE,Home & Giftware,-0.32229431436037587,2.220446049250313e-16,8.447018586995871e-18,52,0.8500000000000001,12.73076923076923,562.7,True,INELASTIC,HIGH,36.320948824035824
22948,RETAIL,METAL DECORATION NAUGHTY CHILDREN,Home & Giftware,-0.33124837764382375,0.0,1.2105926211775648e-12,32,0.8500000000000001,12.84375,349.34999999999997,True,INELASTIC,HIGH,36.08413529453578
21389,RETAIL,IVORY HANGING DECORATION  BIRD,Nature & Animals,-0.3410757752857122,0.0,4.62202226376325e-18,42,0.8500000000000001,12.761904761904763,455.59999999999997,True,INELASTIC,HIGH,35.24441940906251
84534B,WHOLESALE,FAIRY CAKE NOTEBOOK A5 SIZE,Kitchen & Baking,-0.3138966570116984,-2.220446049250313e-16,1.036214164591263e-10,32,0.85,12.15625,330.65,True,INELASTIC,HIGH,35.17817507668589
22755,RETAIL,SMALL PURPLE BABUSHKA NOTEBOOK,Home & Giftware,-0.3026050597183413,2.220446049250313e-16,6.267179203092334e-15,48,0.85,11.729166666666666,478.54999999999995,True,INELASTIC,HIGH,34.58619488338803
22321,RETAIL,BIRD DECORATION RED RETROSPOT,Nature & Animals,-0.35902539039206266,-2.220446049250313e-16,1.574308913847321e-17,37,0.8500000000000002,12.64864864864865,397.79999999999995,True,INELASTIC,HIGH,33.82778060258527
22255,WHOLESALE,FELT TOADSTOOL  SMALL,Home & Giftware,-0.2984732591095221,2.220446049250313e-16,2.422256854621515e-10,31,0.8500000000000003,11.387096774193548,300.04999999999995,True,INELASTIC,HIGH,33.806274968256616
22181,WHOLESALE,SNOWSTORM PHOTO FRAME FRIDGE MAGNET,Frames & Pictures,-0.3361334935430758,-2.220446049250313e-16,1.3191230891860315e-12,31,0.8500000000000003,12.096774193548388,318.74999999999994,True,INELASTIC,HIGH,33.69821315798669
85231B,RETAIL,CINAMMON SET OF 9 T-LIGHTS,Candles & Lighting,-0.27864309048932995,-2.220446049250313e-16,3.494452356111018e-17,61,0.85,10.950819672131148,567.8000000000001,True,INELASTIC,HIGH,33.56686085933289
22262,RETAIL,FELT EGG COSY CHICKEN,Home & Giftware,-0.2928729668217912,-2.220446049250313e-16,3.0794243420393077e-13,40,0.85,11.125,378.24999999999994,True,INELASTIC,HIGH,33.331074442851026
21723,RETAIL,ALPHABET HEARTS STICKER SHEET,Home & Giftware,-0.23694429688690047,0.0,1.653195634041433e-07,33,0.85,10.090909090909092,283.05,True,INELASTIC,HIGH,32.97685708795308
84006,RETAIL,MAGIC TREE -PAPER FLOWERS,Home & Giftware,-0.30612329349361994,0.0,1.741883731720311e-14,40,0.85,11.15,379.09999999999997,True,INELASTIC,HIGH,32.68765829942933
85227,RETAIL,SET OF 6 3D KIT CARDS FOR KIDS,Sets & Kits,-0.3209123777487518,0.0,1.448236511194292e-23,62,0.8500000000000001,11.419354838709678,601.8,True,INELASTIC,HIGH,32.65620331814489
21789,RETAIL,KIDS RAIN MAC PINK,Home & Giftware,-0.26368277614996005,2.220446049250313e-16,1.629544495293635e-13,52,0.8500000000000001,10.365384615384615,458.15,True,INELASTIC,HIGH,32.52631097175855
21238,RETAIL,RED RETROSPOT CUP,Mugs & Drinkware,-0.3116169941612318,0.0,1.2324544884342513e-30,86,0.8499999999999994,11.104651162790697,811.75,True,INELASTIC,HIGH,32.25810298303052
22261,RETAIL,FELT EGG COSY WHITE RABBIT,Home & Giftware,-0.29884922072677894,0.0,1.4885125491792414e-11,35,0.8500000000000001,10.8,321.29999999999995,True,INELASTIC,HIGH,32.043546959325134
22962,RETAIL,JAM JAR WITH PINK LID,Storage,-0.3281567770216851,0.0,4.225999316974786e-15,36,0.8500000000000001,11.305555555555555,345.95,True,INELASTIC,HIGH,31.932561452751976
22523,RETAIL,CHILDS GARDEN FORK PINK,Home & Giftware,-0.27662839231163133,-2.220446049250313e-16,4.0172687926674076e-16,59,0.85,10.338983050847459,518.5000000000001,True,INELASTIC,HIGH,31.79271155109013
22566,RETAIL,FELTCRAFT HAIRBAND PINK AND PURPLE,Home & Giftware,-0.3115886572426041,0.0,1.177192658471618e-17,50,0.85,10.92,464.09999999999997,True,INELASTIC,HIGH,31.723210957472137
22587,RETAIL,FELTCRAFT HAIRBAND RED AND BLUE,Home & Giftware,-0.2945068347830955,1.1102230246251565e-16,4.474554581834916e-16,50,0.85,10.54,447.94999999999993,True,INELASTIC,HIGH,31.49465588825958
22651,RETAIL,GENTLEMAN SHIRT REPAIR KIT,Sets & Kits,-0.3589659741531306,2.220446049250313e-16,2.2011849785848068e-18,32,0.8499999999999999,11.375,309.4,True,INELASTIC,HIGH,30.424797057967574
22522,RETAIL,CHILDS GARDEN FORK BLUE,Home & Giftware,-0.28778379017480576,0.0,1.645826123866106e-18,59,0.85,10.05084745762712,504.05,True,INELASTIC,HIGH,30.361551878251973
22754,RETAIL,SMALL RED BABUSHKA NOTEBOOK,Home & Giftware,-0.28318780159512696,0.0,1.17465145745197e-13,41,0.8500000000000001,9.951219512195122,346.79999999999995,True,INELASTIC,HIGH,30.28296318846227
72122,RETAIL,COFFEE SCENT PILLAR CANDLE,Candles & Lighting,-0.0757049648436808,1.1102230246251565e-16,1.2761220212375124e-13,41,0.9500000000000001,6.682926829268292,260.29999999999995,True,INELASTIC,HIGH,30.264430891824542
84559A,RETAIL,3D SHEET OF DOG STICKERS,Home & Giftware,-0.24897561352723638,-2.220446049250313e-16,2.390637789852349e-10,41,0.8500000000000001,9.414634146341463,328.1000000000001,True,INELASTIC,HIGH,30.216085338385433
85177,RETAIL,BASKET OF FLOWERS SEWING KIT,Sets & Kits,-0.28369713747163083,0.0,5.405378947991041e-10,32,0.85,9.84375,267.75,True,INELASTIC,HIGH,29.931541345252292
21788,RETAIL,KIDS RAIN MAC BLUE,Home & Giftware,-0.24379357625453157,0.0,1.6293928350482324e-12,50,0.85,9.22,391.85,True,INELASTIC,HIGH,29.823709329349317
21723,WHOLESALE,ALPHABET HEARTS STICKER SHEET,Home & Giftware,-0.34247300274172887,0.0,7.660836221006003e-18,35,0.8500000000000001,10.771428571428572,320.44999999999993,True,INELASTIC,HIGH,29.674168293499502
72122,WHOLESALE,COFFEE SCENT PILLAR CANDLE,Candles & Lighting,-0.08185182677686784,0.0,2.1798642999643663e-13,34,0.95,6.588235294117647,212.79999999999998,True,INELASTIC,HIGH,29.615548435822582
21675,RETAIL,BUTTERFLIES STICKERS,Home & Giftware,-0.33670932133341236,-6.661338147750939e-16,9.116004378497336e-20,37,0.8500000000000002,10.297297297297296,323.84999999999997,True,INELASTIC,HIGH,28.656547177213998
84559B,RETAIL,3D SHEET OF CAT STICKERS,Home & Giftware,-0.2686530239298138,0.0,6.511819387238631e-12,37,0.8500000000000002,9.08108108108108,285.6000000000001,True,INELASTIC,HIGH,28.27675197868894
22249,RETAIL,DECORATION WHITE CHICK MAGIC GARDEN,Home & Giftware,-0.26534028853298347,0.0,4.1585168354145e-10,32,0.8500000000000001,8.84375,240.55,True,INELASTIC,HIGH,27.68019035481861
22245,RETAIL,"HOOK, 1 HANGER ,MAGIC GARDEN",Home & Giftware,-0.2701006980956761,0.0,9.961964683533672e-11,35,0.8500000000000001,8.82857142857143,262.65,True,INELASTIC,HIGH,27.42834444029647
22586,RETAIL,FELTCRAFT HAIRBAND PINK AND BLUE,Home & Giftware,-0.2607538229058886,0.0,8.54782915475073e-15,51,0.85,8.686274509803921,376.54999999999995,True,INELASTIC,HIGH,27.38100404848991
21680,RETAIL,WOODLAND  STICKERS,Home & Giftware,-0.29573927946040957,-2.220446049250313e-16,1.7315230353831204e-13,33,0.85,9.151515151515152,256.7,True,INELASTIC,HIGH,27.29087630986587
85231G,RETAIL,ORANGE SCENTED SET/9 T-LIGHTS,Candles & Lighting,-0.24888229948107826,0.0,2.245760267832198e-14,52,0.8500000000000001,8.211538461538462,362.95,True,INELASTIC,HIGH,26.35849863436769
85176,RETAIL,SEWING SUSAN 21 NEEDLE SET,Sets & Kits,-0.24224876443974597,-2.220446049250313e-16,3.638717026179791e-12,49,0.85,8.081632653061224,336.59999999999997,True,INELASTIC,HIGH,26.202160344661355
22250,RETAIL,DECORATION  BUTTERFLY  MAGIC GARDEN,Nature & Animals,-0.2556088224868375,2.220446049250313e-16,8.340856139711425e-11,34,0.8500000000000001,8.176470588235293,236.29999999999998,True,INELASTIC,HIGH,25.978526870858268
21725,RETAIL,SWEETIES  STICKERS,Home & Giftware,-0.24889979849379865,2.220446049250313e-16,1.6891159888614063e-09,34,0.85,8.058823529411764,232.9,True,INELASTIC,HIGH,25.86760809541598
22908,RETAIL,PACK OF 20 NAPKINS RED APPLES,Home & Giftware,-0.2567694316568766,0.0,4.407535298026863e-15,47,0.8500000000000002,7.829787234042553,312.79999999999995,True,INELASTIC,HIGH,24.832851586566175
22268,RETAIL,DECORATION SITTING BUNNY,Home & Giftware,-0.24387998422216925,1.1102230246251565e-16,3.7925431464332504e-10,33,0.8499999999999999,7.606060606060606,213.35000000000002,True,INELASTIC,HIGH,24.59994347559591
21241,RETAIL,GREEN POLKADOT CUP,Mugs & Drinkware,-0.27726944891363675,0.0,2.0039584747833148e-13,34,0.8500000000000001,7.970588235294118,230.34999999999997,True,INELASTIC,HIGH,24.48497704624984
21058,RETAIL,PARTY INVITES WOODLAND,Home & Giftware,-0.24506018261278867,1.1102230246251565e-16,5.517620495686477e-10,32,0.8500000000000001,7.21875,196.35,True,INELASTIC,HIGH,23.305859924486242
21442,RETAIL,GREEN BIRDHOUSE DECORATION,Nature & Animals,-0.233347667498438,1.1102230246251565e-16,1.7612576794679134e-09,32,0.85,6.75,183.59999999999997,True,INELASTIC,HIGH,22.176879574202513
22260,RETAIL,FELT EGG COSY BLUE RABBIT,Home & Giftware,-0.23018916572000886,1.1102230246251565e-16,5.113944027260015e-09,30,0.8500000000000002,6.533333333333333,166.6,True,INELASTIC,HIGH,21.565359138292877
21082,RETAIL,SET/20 FRUIT SALAD PAPER NAPKINS,Sets & Kits,-0.21726092053540258,2.220446049250313e-16,3.511713690578524e-08,30,0.8500000000000002,6.2,158.1,True,INELASTIC,HIGH,20.854799907012616
20755,RETAIL,BLUE PAISLEY POCKET BOOK,Home & Giftware,-0.2062681362217644,0.0,3.1344565034752232e-09,35,0.8500000000000001,5.828571428571428,173.39999999999998,True,INELASTIC,HIGH,19.91695318927759
84534B,RETAIL,FAIRY CAKE NOTEBOOK A5 SIZE,Kitchen & Baking,-0.21510730520202892,0.0,3.577412847336252e-10,34,0.8500000000000001,5.882352941176471,170.0,True,INELASTIC,HIGH,19.84793107122198
21382,WHOLESALE,SET/4 SPRING FLOWER DECORATION,Sets & Kits,-0.8226075813599827,0.20794276937281675,0.0040108418883833055,38,1.965789473684211,19.973684210526315,932.25,True,INELASTIC,HIGH,19.423326270423487
21077,RETAIL,SET/20 WOODLAND PAPER NAPKINS,Sets & Kits,-0.2147525202126967,1.1102230246251565e-16,1.8200190235474475e-09,31,0.8500000000000003,5.709677419354839,150.45,True,INELASTIC,HIGH,19.27514724743481
21059,RETAIL,PARTY INVITES DINOSAURS,Home & Giftware,-0.19973924718853253,2.220446049250313e-16,4.892722048358645e-14,58,0.85,5.586206896551724,275.40000000000003,True,INELASTIC,HIGH,19.266088978877086
21942,RETAIL,SKULLS DESIGN FLANNEL,Home & Giftware,-0.1749508960606277,2.220446049250313e-16,3.3393448204356683e-06,31,0.8500000000000003,5.129032258064516,135.14999999999995,True,INELASTIC,HIGH,18.30751000623108
35965,RETAIL,FOLKART HEART NAPKIN RINGS,Home & Giftware,-0.6023690318076063,0.16116526954045118,0.0069143287922858445,44,2.3118181818181824,4.386363636363637,359.83,True,INELASTIC,HIGH,17.79094798576347
79066K,RETAIL,RETRO MOD TRAY,Home & Giftware,-0.2061301942538847,1.1102230246251565e-16,1.836821228779044e-11,39,0.8500000000000002,5.128205128205129,169.99999999999994,True,INELASTIC,HIGH,17.527153823269813
22613,RETAIL,PACK OF 20 SPACEBOY NAPKINS,Home & Giftware,-0.1651534481566613,-4.440892098500626e-16,9.044481594695262e-09,43,0.8500000000000001,4.744186046511628,173.39999999999998,True,INELASTIC,HIGH,17.15983448262121
21724,RETAIL,PANDA AND BUNNIES STICKER SHEET,Home & Giftware,-0.16002423496944868,0.0,2.168744794061781e-06,32,0.8499999999999999,4.625,125.80000000000001,True,INELASTIC,HIGH,16.844075034300747
21063,RETAIL,PARTY INVITES JAZZ HEARTS,Home & Giftware,-0.18240416578088575,-4.440892098500626e-16,1.7289130142975864e-14,60,0.85,4.7,239.69999999999996,True,INELASTIC,HIGH,16.60580944607467
21382,RETAIL,SET/4 SPRING FLOWER DECORATION,Sets & Kits,-0.7536316989833098,0.25285456436916365,0.0033544697670999197,32,1.85,9.6875,417.30000000000007,True,INELASTIC,HIGH,15.936609438161595
84989A,RETAIL,75 GREEN FAIRY CAKE CASES,Kitchen & Baking,-0.5026310784906599,0.0,5.263032935178882e-05,35,0.5500000000000002,10.342857142857143,199.1,True,INELASTIC,HIGH,13.22564545710729
22921,RETAIL,HERB MARKER CHIVES,Home & Giftware,-0.7322252435872231,-2.220446049250313e-16,1.8851277636352553e-12,37,0.6499999999999998,16.10810810810811,387.4,True,INELASTIC,HIGH,10.59247514670951
22920,RETAIL,HERB MARKER BASIL,Home & Giftware,-0.7389514899795949,-2.220446049250313e-16,1.3870718479927702e-13,39,0.6499999999999998,15.846153846153847,401.7,True,INELASTIC,HIGH,10.023934016362183
21899,RETAIL,GARAGE KEY FOB,Home & Giftware,-0.7460896744785637,0.0,1.6659835878146708e-27,89,0.65,15.696629213483146,908.0500000000001,True,INELASTIC,HIGH,9.512763040823756
84535B,RETAIL,FAIRY CAKES NOTEBOOK A6 SIZE,Kitchen & Baking,-0.6318448557728528,2.220446049250313e-16,2.966884921186868e-19,62,0.6499999999999998,9.225806451612904,371.79999999999995,True,INELASTIC,HIGH,9.50996891302092
22916,RETAIL,HERB MARKER THYME,Home & Giftware,-0.7543466331623486,0.0,9.447896212208292e-14,39,0.6499999999999998,16.17948717948718,410.1499999999999,True,INELASTIC,HIGH,9.308693499907864
21902,RETAIL,"KEY FOB , FRONT  DOOR",Home & Giftware,-0.6893429585524082,3.3306690738754696e-16,1.0122196494790204e-25,78,0.6499999999999998,11.35897435897436,575.8999999999999,True,INELASTIC,HIGH,9.280541945775658
22917,RETAIL,HERB MARKER ROSEMARY,Home & Giftware,-0.7565541496008346,3.3306690738754696e-16,2.2589228024692055e-14,40,0.65,16.025,416.65,True,INELASTIC,HIGH,9.088285040340159
22116,WHOLESALE,METAL SIGN HIS DINNER IS SERVED,Home & Giftware,-0.8336077250196275,0.1823408184008134,0.004293431048738605,43,1.7435148479427551,11.930232558139535,646.95,True,INELASTIC,HIGH,8.98091942624493
21215,RETAIL,IVORY PAPER CUP CAKE CASES,Mugs & Drinkware,-0.6403451414804607,4.440892098500626e-16,7.387889436805006e-09,42,0.55,9.547619047619047,220.55,True,INELASTIC,HIGH,8.072265432045016
84519B,RETAIL,CARROT CHARLIE+LOLA COASTER SET,Sets & Kits,-0.7942122738282643,0.1402023111596571,0.005741290001798201,53,2.1160377358490567,5.773584905660377,542.3000000000001,True,INELASTIC,HIGH,8.027942654929562
22919,RETAIL,HERB MARKER MINT,Home & Giftware,-0.7157759788450171,-2.220446049250313e-16,3.1062477210125704e-15,40,0.65,10.8,280.79999999999995,True,INELASTIC,HIGH,7.762445035065648
84673A,RETAIL,PINK FLY SWAT,Home & Giftware,-0.2808165856715089,0.0,4.005129939977951e-06,34,0.6499999999999999,3.264705882352941,72.15,True,INELASTIC,HIGH,7.626104609604106
85032C,WHOLESALE,CURIOUS IMAGES GIFT WRAP SET,Sets & Kits,-0.8050371314731503,0.16521981758854587,0.02581577674667915,30,1.2299999999999998,10.4,268.05,True,INELASTIC,HIGH,7.613639881198043
21905,RETAIL,MORE BUTTER METAL SIGN,Home & Giftware,-0.7291540762614304,0.13489952025087026,0.0049468124390163815,57,1.7092982456140349,4.245614035087719,337.90000000000003,True,INELASTIC,HIGH,7.469206352906973
84673B,RETAIL,BLUE FLY SWAT,Home & Giftware,-0.2809151069860309,-2.220446049250313e-16,4.373757692481617e-06,31,0.6499999999999997,3.161290322580645,63.7,True,INELASTIC,HIGH,7.383375740585217
21987,RETAIL,PACK OF 6 SKULL PAPER CUPS,Mugs & Drinkware,-0.6874515692869083,-2.220446049250313e-16,7.22622543517795e-27,61,0.6499999999999999,8.704918032786885,345.1500000000001,True,INELASTIC,HIGH,7.173331798733886
22461,RETAIL,SAVOY ART DECO CLOCK,Home & Giftware,-0.8731073833301257,0.19778620454650397,0.001957262241062809,46,11.472035573122533,3.0,1387.1000000000001,True,INELASTIC,HIGH,7.083721574771189
22336,RETAIL,DOVE DECORATION PAINTED ZINC,Home & Giftware,-0.8210332286749941,2.220446049250313e-16,9.229006626621602e-11,35,0.6499999999999998,21.6,491.40000000000003,True,INELASTIC,HIGH,7.071806644985642
21901,RETAIL,"KEY FOB , BACK DOOR",Home & Giftware,-0.7952547175693597,1.1102230246251565e-16,3.6950904077492e-32,92,0.65,15.695652173913043,938.6000000000001,True,INELASTIC,HIGH,6.643074286427847
84818,RETAIL,DANISH ROSE PHOTO FRAME,Frames & Pictures,-0.8431565103622648,0.2111649373695219,0.0032511398626288318,39,1.9633333333333347,8.64102564102564,466.87000000000006,True,INELASTIC,HIGH,6.398341452235242
22265,RETAIL,EASTER DECORATION NATURAL CHICK,Home & Giftware,-0.7645767049090798,1.1102230246251565e-16,9.159184757415282e-16,34,0.65,11.470588235294118,253.50000000000003,True,INELASTIC,HIGH,6.1631907749334145
84990,RETAIL,60 GOLD AND SILVER FAIRY CAKE CASES,Kitchen & Baking,-0.7566707126092607,1.1102230246251565e-16,1.1081869303514134e-08,35,0.5500000000000002,12.771428571428572,245.85,True,INELASTIC,HIGH,6.124078009847886
22232,WHOLESALE,3 PIECE JIGSAW TOADSTOOLS,Home & Giftware,-0.840713281679767,0.14033782676836393,0.04138762634857736,30,1.2613333333333339,10.133333333333333,323.52000000000004,True,INELASTIC,HIGH,4.999104993779634
22062,RETAIL,CERAMIC BOWL WITH LOVE HEART DESIGN,Home & Giftware,-0.8212497981257117,0.2850326473357795,0.0003882853508575739,40,1.996,4.725,262.87,True,INELASTIC,HIGH,4.738667085288553
85199L,RETAIL,LARGE HANGING IVORY & RED WOOD BIRD,Nature & Animals,-0.8346022110006537,0.0,2.1266040261747903e-13,33,0.6499999999999999,16.727272727272727,358.79999999999995,True,INELASTIC,HIGH,4.632601111629169
21976,RETAIL,PACK OF 60 MUSHROOM CAKE CASES,Kitchen & Baking,-0.8059405722132502,0.0,6.184962446862065e-25,87,0.5499999999999997,11.931034482758621,570.9,True,INELASTIC,HIGH,3.8717514516110945
22436,RETAIL,12 COLOURED PARTY BALLOONS,Home & Giftware,-0.849993004061844,1.1102230246251565e-16,4.285722105945108e-19,45,0.6499999999999998,16.0,468.0,True,INELASTIC,HIGH,3.5156161743690295
21086,RETAIL,SET/6 RED SPOTTY PAPER CUPS,Mugs & Drinkware,-0.8465290365176404,0.0,3.994174866035564e-32,71,0.6499999999999999,14.690140845070422,677.95,True,INELASTIC,HIGH,3.4170008315942493
21900,RETAIL,"KEY FOB , SHED",Home & Giftware,-0.8627626213848539,0.0,1.6031739805345517e-34,93,0.6499999999999999,19.56989247311828,1183.0000000000002,True,INELASTIC,HIGH,3.3708860657830773
21391,RETAIL,FRENCH EMROIDR LAVENDER SCENT HEART,Home & Giftware,-0.8780621312903935,0.19322448028906247,0.004032896354600847,41,1.6060975609756096,11.0,520.5,True,INELASTIC,HIGH,3.1356335742164894
22439,RETAIL,6 ROCKET BALLOONS,Home & Giftware,-0.8666363726878262,4.440892098500626e-16,2.169468392031769e-22,57,0.65,17.87719298245614,662.35,True,INELASTIC,HIGH,2.8218428018815587
85183A,RETAIL,CHARLIE & LOLA WASTEPAPER BIN BLUE,Home & Giftware,-0.8713068314875948,0.28782433125300066,0.00029942709123507977,41,2.5304878048780486,3.2439024390243905,246.25,True,INELASTIC,HIGH,1.7740950586200823
85035B,RETAIL,CHOCOLATE 3 WICK MORRIS BOX CANDLE,Candles & Lighting,-0.8993370221992519,0.27635651396232064,0.0016789539265188531,33,3.7954545454545454,3.696969696969697,371.5,True,INELASTIC,HIGH,0.7828587848176074
21530,WHOLESALE,DAIRY MAID CERAMIC TOASTRACK,Home & Giftware,-0.9379789952041373,0.26226623551977235,0.0005264354027084004,42,1.757619047619048,13.357142857142858,647.6700000000001,True,INELASTIC,HIGH,0.0
21530,RETAIL,DAIRY MAID CERAMIC TOASTRACK,Home & Giftware,-0.9619768911314527,0.3438101139148064,2.8839663943293945e-05,44,2.0172727272727276,6.7727272727272725,423.34000000000003,True,INELASTIC,HIGH,0.0
20973,RETAIL,12 PENCIL SMALL TUBE WOODLAND,Home & Giftware,-0.9623914608251476,0.0,7.965205521627725e-26,67,0.6499999999999998,27.16417910447761,1183.0,True,INELASTIC,HIGH,0.0
21617,WHOLESALE,4 LILY  BOTANICAL DINNER CANDLES,Candles & Lighting,-0.9681710734990063,0.17624184513277918,0.0015766912259427346,54,3.2334656084656084,7.703703703703703,1222.5,True,INELASTIC,HIGH,0.0
22335,RETAIL,HEART DECORATION PAINTED ZINC,Home & Giftware,-0.958948222447665,3.3306690738754696e-16,2.7631996758783564e-28,66,0.6499999999999999,24.0,1029.6000000000001,True,INELASTIC,HIGH,0.0
22227,RETAIL,"DECORATION, HANGING HEART+MIRROR",Home & Giftware,-0.9296495656433919,1.1102230246251565e-16,5.9882970437547666e-33,78,0.6499999999999998,21.025641025641026,1066.0,True,INELASTIC,HIGH,0.0
22319,RETAIL,HAIRCLIPS FORTIES FABRIC ASSORTED,Home & Giftware,-0.9925605466992837,2.220446049250313e-16,4.41914164023096e-35,43,0.6499999999999999,17.348837209302324,484.9,True,INELASTIC,HIGH,0.0
22951,RETAIL,60 CAKE CASES DOLLY GIRL DESIGN,Kitchen & Baking,-0.9556777483219087,1.1102230246251565e-16,6.580750149604536e-19,51,0.55,14.784313725490197,414.70000000000005,True,INELASTIC,HIGH,0.0
22917,WHOLESALE,HERB MARKER ROSEMARY,Home & Giftware,-0.9806221910406823,1.1102230246251565e-16,7.140384293657869e-19,41,0.6499999999999999,23.390243902439025,623.3500000000001,True,INELASTIC,HIGH,0.0
22918,WHOLESALE,HERB MARKER PARSLEY,Home & Giftware,-0.9655127230994645,0.0,7.354759996901428e-19,41,0.6499999999999999,21.975609756097562,585.6500000000001,True,INELASTIC,HIGH,0.0
22921,WHOLESALE,HERB MARKER CHIVES,Home & Giftware,-0.946870224539285,0.0,6.496326158049038e-17,39,0.6499999999999998,21.384615384615383,542.1,True,INELASTIC,HIGH,0.0
22916,WHOLESALE,HERB MARKER THYME,Home & Giftware,-0.9829048682153173,0.0,4.727393330554704e-20,42,0.6499999999999999,22.571428571428573,616.2,True,INELASTIC,HIGH,0.0
82578,RETAIL,KITCHEN METAL SIGN,Sets & Kits,-0.9138393303646074,-2.220446049250313e-16,5.425970994299903e-32,90,0.5499999999999998,12.566666666666666,622.0500000000001,True,INELASTIC,HIGH,0.0
84989A,WHOLESALE,75 GREEN FAIRY CAKE CASES,Kitchen & Baking,-0.9106280110092602,-2.220446049250313e-16,3.0751829086462675e-11,40,0.55,17.225,378.95,True,INELASTIC,HIGH,0.0
85183B,RETAIL,CHARLIE & LOLA WASTEPAPER BIN FLORA,Home & Giftware,-0.9617084409305714,0.20065031201231243,0.0020314391852189516,45,2.4166666666666665,7.333333333333333,630.0,True,INELASTIC,HIGH,0.0
